cnt_ONE0,NONE
cnt_ONE1
cnt_ONE2,cnt_FOUR37 0
cnt_ONE3
cnt_ONE4,final
cnt_ONE5,cnt_TWO67 6
cnt_ONE6,final
cnt_ONE7,NONE
cnt_ONE8,cnt_THREE84 1
cnt_ONE9
cnt_ONE10
cnt_ONE11,NONE,NONE,,,,NONE,NONE,NONE
cnt_ONE12,cnt_FOUR93 2,NONE,,NONE,NONE,NONE
cnt_ONE13
cnt_ONE14,cnt_THREE32 1
cnt_ONE15
cnt_ONE16
cnt_ONE17
cnt_ONE18
cnt_ONE19
cnt_ONE20,NONE
cnt_ONE21,cnt_FOUR54 1
cnt_ONE22
cnt_ONE23
cnt_ONE24,NONE,NONE,final
cnt_ONE25,cnt_FOUR96 1
cnt_ONE26,final
cnt_ONE27,NONE,,NONE
cnt_ONE28,cnt_THREE30 0
cnt_ONE29
cnt_ONE30
cnt_ONE31
cnt_ONE32,NONE
cnt_ONE33
cnt_ONE34
cnt_ONE35
cnt_ONE36,NONE,NONE
cnt_ONE37,NONE
cnt_ONE38
cnt_ONE39
cnt_ONE40,NONE
cnt_ONE41
cnt_ONE42,NONE
cnt_ONE43
cnt_ONE44,NONE
cnt_ONE45,final
cnt_ONE46,NONE,cnt_SIX78 1
cnt_ONE47,,final
cnt_ONE48,cnt_TWO35 5,NONE,NONE,cnt_SIX10 3
cnt_ONE49,NONE
cnt_ONE50,NONE
cnt_ONE51,,cnt_THREE0 1
cnt_ONE52
cnt_ONE53
cnt_ONE54,NONE,cnt_THREE82 1
cnt_ONE55,NONE,NONE,cnt_FOUR37 0
cnt_ONE56,NONE
cnt_ONE57
cnt_ONE58
cnt_ONE59
cnt_ONE60
cnt_ONE61,NONE,cnt_TWO30 5,NONE,final
cnt_ONE62
cnt_ONE63
cnt_ONE64,cnt_THREE35 1,cnt_THREE12 3,NONE,NONE,NONE,NONE,cnt_THREE49 2
cnt_ONE65
cnt_ONE66
cnt_ONE67
cnt_ONE68,,NONE
cnt_ONE69
cnt_ONE70,NONE,cnt_TWO60 1
cnt_ONE71
cnt_ONE72,cnt_TWO14 1
cnt_ONE73
cnt_ONE74
cnt_ONE75,NONE
cnt_ONE76,cnt_SIX71 0,NONE,NONE,final
cnt_ONE77,NONE,cnt_FOUR96 1
cnt_ONE78
cnt_ONE79,NONE
cnt_ONE80,final
cnt_ONE81,NONE,NONE,,NONE
cnt_ONE82,NONE
cnt_ONE83
cnt_ONE84,final
cnt_ONE85
cnt_ONE86,NONE,NONE
cnt_ONE87,cnt_SIX18 0,NONE,cnt_FIVE42 3
cnt_ONE88,final
cnt_ONE89,NONE,NONE,final
cnt_ONE90
cnt_ONE91,NONE,NONE,NONE,NONE,NONE
cnt_ONE92,NONE,cnt_FOUR46 1,NONE,cnt_TWO98 1
cnt_ONE93
cnt_ONE94
cnt_ONE95,cnt_TWO35 2
cnt_ONE96,NONE
cnt_ONE97
cnt_ONE98
cnt_ONE99,NONE
cnt_TWO0
cnt_TWO1,NONE
cnt_TWO2,final
cnt_TWO3,final
cnt_TWO4,NONE
cnt_TWO5
cnt_TWO6,NONE,,NONE,final
cnt_TWO7
cnt_TWO8,final
cnt_TWO9,NONE
cnt_TWO10
cnt_TWO11
cnt_TWO12,final
cnt_TWO13
cnt_TWO14,cnt_ONE72 1
cnt_TWO15
cnt_TWO16
cnt_TWO17,NONE
cnt_TWO18,,,NONE,cnt_SIX61 1,NONE
cnt_TWO19,final
cnt_TWO20,NONE,final
cnt_TWO21
cnt_TWO22,final
cnt_TWO23,NONE
cnt_TWO24,final
cnt_TWO25
cnt_TWO26,NONE,NONE
cnt_TWO27
cnt_TWO28
cnt_TWO29,NONE
cnt_TWO30,cnt_FOUR46 1,NONE,cnt_FIVE36 9,NONE,cnt_ONE61 2,final
cnt_TWO31,NONE,NONE,cnt_TWO85 1
cnt_TWO32
cnt_TWO33,final
cnt_TWO34,NONE,,NONE
cnt_TWO35,,cnt_ONE77 0,NONE,cnt_FIVE24 2,cnt_SIX94 0
cnt_TWO36
cnt_TWO37,,cnt_FOUR58 1,NONE
cnt_TWO38,final
cnt_TWO39
cnt_TWO40,NONE,NONE,NONE
cnt_TWO41
cnt_TWO42,cnt_THREE24 0
cnt_TWO43
cnt_TWO44,final
cnt_TWO45
cnt_TWO46
cnt_TWO47
cnt_TWO48
cnt_TWO49
cnt_TWO50,NONE
cnt_TWO51,,NONE,NONE
cnt_TWO52
cnt_TWO53
cnt_TWO54,NONE
cnt_TWO55
cnt_TWO56,final
cnt_TWO57
cnt_TWO58,NONE
cnt_TWO59,NONE,cnt_FOUR22 0
cnt_TWO60,cnt_THREE97 2
cnt_TWO61
cnt_TWO62,NONE
cnt_TWO63,NONE
cnt_TWO64
cnt_TWO65
cnt_TWO66,cnt_FOUR58 0
cnt_TWO67,cnt_FOUR28 1,NONE,NONE,NONE,NONE,cnt_ONE5 1
cnt_TWO68
cnt_TWO69
cnt_TWO70,cnt_TWO4 0
cnt_TWO71,cnt_TWO72 5
cnt_TWO72,NONE,,NONE,,cnt_FOUR46 1
cnt_TWO73
cnt_TWO74
cnt_TWO75,final
cnt_TWO76,cnt_SIX19 0
cnt_TWO77
cnt_TWO78
cnt_TWO79,final
cnt_TWO80
cnt_TWO81
cnt_TWO82
cnt_TWO83
cnt_TWO84
cnt_TWO85,cnt_FOUR43 0,cnt_FIVE42 1
cnt_TWO86,NONE
cnt_TWO87,NONE,NONE,NONE
cnt_TWO88
cnt_TWO89,NONE,cnt_THREE11 0
cnt_TWO90,final
cnt_TWO91,cnt_TWO31 0
cnt_TWO92
cnt_TWO93,NONE,cnt_SIX19 2,cnt_FIVE13 6
cnt_TWO94,NONE
cnt_TWO95
cnt_TWO96
cnt_TWO97,final
cnt_TWO98,cnt_ONE92 4
cnt_TWO99,NONE,NONE
cnt_THREE0,cnt_ONE51 2,NONE
cnt_THREE1,NONE,NONE,NONE,NONE
cnt_THREE2,NONE,cnt_TWO76 1
cnt_THREE3
cnt_THREE4,NONE,final
cnt_THREE5,NONE
cnt_THREE6
cnt_THREE7
cnt_THREE8,cnt_TWO26 2,NONE,cnt_FOUR42 0
cnt_THREE9
cnt_THREE10
cnt_THREE11,final
cnt_THREE12,,,cnt_FOUR0 1
cnt_THREE13,NONE,cnt_ONE2 1
cnt_THREE14,cnt_FIVE37 3
cnt_THREE15,final
cnt_THREE16
cnt_THREE17,final
cnt_THREE18,,final
cnt_THREE19,final
cnt_THREE20,final
cnt_THREE21,final
cnt_THREE22,final
cnt_THREE23,final
cnt_THREE24,final
cnt_THREE25
cnt_THREE26,NONE,NONE,NONE,final
cnt_THREE27,NONE,NONE,final
cnt_THREE28
cnt_THREE29,cnt_FOUR87 4
cnt_THREE30,,,cnt_FOUR30 1
cnt_THREE31,NONE,NONE
cnt_THREE32,cnt_ONE14 1
cnt_THREE33,final
cnt_THREE34,final
cnt_THREE35,cnt_ONE64 1
cnt_THREE36
cnt_THREE37,final
cnt_THREE38
cnt_THREE39
cnt_THREE40,NONE,NONE,NONE
cnt_THREE41,NONE,cnt_THREE24 0
cnt_THREE42
cnt_THREE43
cnt_THREE44,final
cnt_THREE45
cnt_THREE46
cnt_THREE47,cnt_FOUR63 1
cnt_THREE48,NONE
cnt_THREE49,,cnt_ONE64 7
cnt_THREE50,NONE,NONE,cnt_ONE48 0,NONE,cnt_FOUR60 3
cnt_THREE51
cnt_THREE52,final
cnt_THREE53,cnt_FIVE62 1
cnt_THREE54,final
cnt_THREE55
cnt_THREE56
cnt_THREE57,NONE
cnt_THREE58,NONE
cnt_THREE59,NONE
cnt_THREE60,NONE
cnt_THREE61
cnt_THREE62,NONE
cnt_THREE63,NONE,final
cnt_THREE64
cnt_THREE65,final
cnt_THREE66,final
cnt_THREE67
cnt_THREE68
cnt_THREE69,final
cnt_THREE70
cnt_THREE71
cnt_THREE72,,,NONE,NONE,final
cnt_THREE73,cnt_TWO67 0
cnt_THREE74
cnt_THREE75,final
cnt_THREE76,,NONE,cnt_FOUR51 6
cnt_THREE77
cnt_THREE78,NONE,NONE,NONE,NONE,NONE,NONE,NONE,NONE
cnt_THREE79
cnt_THREE80,NONE
cnt_THREE81
cnt_THREE82,cnt_ONE54 2
cnt_THREE83,NONE
cnt_THREE84,cnt_ONE8 1
cnt_THREE85,final
cnt_THREE86,final
cnt_THREE87,NONE,NONE,NONE,NONE
cnt_THREE88
cnt_THREE89,,cnt_ONE8 1
cnt_THREE90,final
cnt_THREE91,final
cnt_THREE92,,NONE
cnt_THREE93,NONE
cnt_THREE94
cnt_THREE95
cnt_THREE96,final
cnt_THREE97,cnt_FIVE55 1,cnt_TWO60 1
cnt_THREE98
cnt_THREE99
cnt_FOUR0,cnt_THREE12 3
cnt_FOUR1
cnt_FOUR2,final
cnt_FOUR3,final
cnt_FOUR4,NONE
cnt_FOUR5,cnt_FIVE35 5
cnt_FOUR6,cnt_FIVE26 3
cnt_FOUR7,cnt_FIVE79 0,NONE
cnt_FOUR8
cnt_FOUR9,NONE
cnt_FOUR10,NONE,cnt_TWO37 0,NONE,NONE
cnt_FOUR11,,NONE
cnt_FOUR12,cnt_SIX50 0
cnt_FOUR13
cnt_FOUR14,NONE,cnt_SIX64 6
cnt_FOUR15
cnt_FOUR16,NONE,NONE,NONE,NONE
cnt_FOUR17
cnt_FOUR18
cnt_FOUR19,NONE,NONE,final
cnt_FOUR20
cnt_FOUR21,NONE,cnt_FIVE13 6
cnt_FOUR22,,final
cnt_FOUR23,final
cnt_FOUR24,NONE
cnt_FOUR25,final
cnt_FOUR26,cnt_FOUR73 4,,NONE,final
cnt_FOUR27,final
cnt_FOUR28,cnt_TWO67 1,NONE,NONE
cnt_FOUR29,NONE,NONE,NONE,NONE,NONE,NONE
cnt_FOUR30,cnt_THREE30 3,cnt_THREE30 0
cnt_FOUR31,cnt_FOUR35 4
cnt_FOUR32,NONE,,cnt_ONE21 1
cnt_FOUR33,NONE,NONE
cnt_FOUR34,cnt_FOUR73 1,NONE,final
cnt_FOUR35,NONE,NONE,,cnt_FOUR31 1
cnt_FOUR36,cnt_FOUR73 0,cnt_THREE97 0
cnt_FOUR37,NONE,final
cnt_FOUR38,NONE,cnt_FOUR93 2,NONE,NONE,NONE,NONE,NONE,NONE,NONE
cnt_FOUR39,NONE,NONE,final
cnt_FOUR40
cnt_FOUR41,final
cnt_FOUR42,final
cnt_FOUR43,,,cnt_FOUR51 6
cnt_FOUR44,NONE
cnt_FOUR45,NONE
cnt_FOUR46,cnt_TWO72 5
cnt_FOUR47
cnt_FOUR48,NONE
cnt_FOUR49,cnt_SIX59 1
cnt_FOUR50,cnt_SIX99 1
cnt_FOUR51,,NONE,NONE,NONE,NONE,cnt_FIVE77 3
cnt_FOUR52,NONE
cnt_FOUR53,,cnt_FOUR31 1
cnt_FOUR54,cnt_FOUR98 1
cnt_FOUR55
cnt_FOUR56,NONE,NONE,NONE
cnt_FOUR57
cnt_FOUR58,cnt_TWO37 2,NONE
cnt_FOUR59,NONE
cnt_FOUR60,NONE,,cnt_THREE50 5
cnt_FOUR61,cnt_THREE47 0
cnt_FOUR62
cnt_FOUR63,cnt_THREE47 1,cnt_THREE11 0,cnt_THREE11 0
cnt_FOUR64,NONE,final
cnt_FOUR65,NONE,NONE
cnt_FOUR66,final
cnt_FOUR67
cnt_FOUR68,final
cnt_FOUR69,,,NONE,NONE
cnt_FOUR70,final
cnt_FOUR71,NONE
cnt_FOUR72,final
cnt_FOUR73,cnt_FOUR34 1,cnt_SIX71 0,,cnt_FOUR26 1
cnt_FOUR74
cnt_FOUR75,cnt_FIVE96 2
cnt_FOUR76
cnt_FOUR77
cnt_FOUR78
cnt_FOUR79,NONE,cnt_ONE61 0,final
cnt_FOUR80,final
cnt_FOUR81,cnt_FIVE35 5
cnt_FOUR82,cnt_TWO60 1
cnt_FOUR83,NONE
cnt_FOUR84,final
cnt_FOUR85,final
cnt_FOUR86,final
cnt_FOUR87,NONE,NONE,,cnt_THREE29 1
cnt_FOUR88
cnt_FOUR89
cnt_FOUR90,cnt_SIX48 0
cnt_FOUR91
cnt_FOUR92,NONE,cnt_SIX69 2
cnt_FOUR93,NONE,cnt_ONE12 1,NONE
cnt_FOUR94
cnt_FOUR95,final
cnt_FOUR96,cnt_ONE25 1
cnt_FOUR97,NONE,final
cnt_FOUR98,cnt_FOUR54 1
cnt_FOUR99
cnt_FIVE0
cnt_FIVE1,final
cnt_FIVE2
cnt_FIVE3
cnt_FIVE4
cnt_FIVE5,,cnt_SIX55 1
cnt_FIVE6
cnt_FIVE7,NONE
cnt_FIVE8,NONE
cnt_FIVE9,NONE
cnt_FIVE10,cnt_FIVE83 1
cnt_FIVE11
cnt_FIVE12
cnt_FIVE13,NONE,NONE,NONE,NONE,NONE,cnt_TWO93 3
cnt_FIVE14,final
cnt_FIVE15,NONE
cnt_FIVE16
cnt_FIVE17
cnt_FIVE18
cnt_FIVE19,cnt_SIX41 4,cnt_SIX57 1
cnt_FIVE20
cnt_FIVE21
cnt_FIVE22
cnt_FIVE23
cnt_FIVE24,NONE,cnt_ONE2 1
cnt_FIVE25
cnt_FIVE26,NONE,cnt_FIVE28 1,cnt_FOUR6 1
cnt_FIVE27,NONE
cnt_FIVE28,cnt_FIVE26 2,NONE,NONE,NONE
cnt_FIVE29
cnt_FIVE30,NONE
cnt_FIVE31
cnt_FIVE32,final
cnt_FIVE33,final
cnt_FIVE34
cnt_FIVE35,,,NONE,NONE,cnt_FOUR5 1
cnt_FIVE36,NONE,NONE,NONE,NONE,NONE,NONE,NONE,NONE,cnt_TWO30 3,cnt_THREE76 0,NONE,NONE,NONE,NONE,NONE,NONE,NONE
cnt_FIVE37,NONE,NONE,cnt_THREE14 1
cnt_FIVE38
cnt_FIVE39
cnt_FIVE40,final
cnt_FIVE41,NONE
cnt_FIVE42,cnt_TWO85 2,NONE,cnt_ONE87 3
cnt_FIVE43,NONE,NONE,,NONE
cnt_FIVE44
cnt_FIVE45,final
cnt_FIVE46
cnt_FIVE47,final
cnt_FIVE48,NONE
cnt_FIVE49
cnt_FIVE50,NONE,final
cnt_FIVE51
cnt_FIVE52
cnt_FIVE53,final
cnt_FIVE54,NONE,,cnt_SIX25 2,NONE
cnt_FIVE55,NONE
cnt_FIVE56,NONE
cnt_FIVE57,NONE
cnt_FIVE58
cnt_FIVE59,NONE,final
cnt_FIVE60,NONE,final
cnt_FIVE61
cnt_FIVE62,cnt_THREE53 1
cnt_FIVE63,NONE
cnt_FIVE64,NONE,NONE,final
cnt_FIVE65,final
cnt_FIVE66,,NONE
cnt_FIVE67,,final
cnt_FIVE68,,NONE
cnt_FIVE69,final
cnt_FIVE70,final
cnt_FIVE71,final
cnt_FIVE72
cnt_FIVE73,NONE
cnt_FIVE74,NONE
cnt_FIVE75
cnt_FIVE76
cnt_FIVE77,,,cnt_FOUR51 6
cnt_FIVE78
cnt_FIVE79,final
cnt_FIVE80
cnt_FIVE81
cnt_FIVE82
cnt_FIVE83,cnt_FIVE10 1
cnt_FIVE84,final
cnt_FIVE85
cnt_FIVE86
cnt_FIVE87
cnt_FIVE88
cnt_FIVE89,NONE,,NONE,final
cnt_FIVE90,,final
cnt_FIVE91,final
cnt_FIVE92,NONE,NONE
cnt_FIVE93
cnt_FIVE94,NONE
cnt_FIVE95
cnt_FIVE96,NONE,cnt_THREE84 1
cnt_FIVE97
cnt_FIVE98
cnt_FIVE99
cnt_SIX0
cnt_SIX1
cnt_SIX2,NONE
cnt_SIX3
cnt_SIX4
cnt_SIX5,NONE
cnt_SIX6
cnt_SIX7,NONE
cnt_SIX8,NONE
cnt_SIX9,cnt_SIX57 0,NONE
cnt_SIX10,,,cnt_ONE48 4
cnt_SIX11
cnt_SIX12,NONE
cnt_SIX13,NONE
cnt_SIX14,NONE
cnt_SIX15
cnt_SIX16,NONE
cnt_SIX17
cnt_SIX18,NONE,NONE
cnt_SIX19,NONE,NONE
cnt_SIX20
cnt_SIX21,NONE
cnt_SIX22,final
cnt_SIX23,NONE,NONE,NONE
cnt_SIX24
cnt_SIX25,,NONE
cnt_SIX26,NONE
cnt_SIX27
cnt_SIX28,NONE
cnt_SIX29,NONE,final
cnt_SIX30,NONE,NONE
cnt_SIX31,NONE
cnt_SIX32
cnt_SIX33,final
cnt_SIX34,final
cnt_SIX35,NONE
cnt_SIX36
cnt_SIX37
cnt_SIX38,NONE,NONE
cnt_SIX39,NONE
cnt_SIX40,NONE,NONE
cnt_SIX41,NONE,cnt_TWO85 1,NONE,cnt_FIVE19 1
cnt_SIX42
cnt_SIX43,NONE,cnt_THREE72 0
cnt_SIX44,final
cnt_SIX45
cnt_SIX46,NONE
cnt_SIX47,NONE,NONE,cnt_TWO35 2,NONE
cnt_SIX48,NONE,,NONE,NONE
cnt_SIX49,final
cnt_SIX50,final
cnt_SIX51
cnt_SIX52,NONE
cnt_SIX53,NONE
cnt_SIX54
cnt_SIX55,cnt_FIVE5 2,NONE
cnt_SIX56
cnt_SIX57,cnt_FIVE19 2,NONE
cnt_SIX58
cnt_SIX59,cnt_FOUR49 1
cnt_SIX60
cnt_SIX61,final
cnt_SIX62
cnt_SIX63
cnt_SIX64,NONE,cnt_FOUR16 0,NONE,NONE,,cnt_FOUR14 2,NONE
cnt_SIX65,NONE
cnt_SIX66
cnt_SIX67
cnt_SIX68
cnt_SIX69,,cnt_ONE48 4
cnt_SIX70,NONE,cnt_FIVE96 2
cnt_SIX71,NONE
cnt_SIX72
cnt_SIX73
cnt_SIX74
cnt_SIX75
cnt_SIX76,cnt_FOUR63 0
cnt_SIX77
cnt_SIX78,cnt_ONE46 2,,cnt_ONE21 1,NONE
cnt_SIX79,NONE
cnt_SIX80
cnt_SIX81,NONE
cnt_SIX82
cnt_SIX83,NONE
cnt_SIX84
cnt_SIX85
cnt_SIX86,,,NONE,NONE,,final
cnt_SIX87,NONE
cnt_SIX88,NONE
cnt_SIX89
cnt_SIX90
cnt_SIX91
cnt_SIX92,final
cnt_SIX93
cnt_SIX94,final
cnt_SIX95
cnt_SIX96
cnt_SIX97,NONE
cnt_SIX98
cnt_SIX99,cnt_FOUR50 1
